<application>
  <component name="ApplicationNotificationSettings">
    <option name="lastUpdateNotification" value="1.1.1" />
  </component>
  <component name="DiscordApplicationSettings">
    <option name="show" value="true" />
    <option name="idle" value="IDLE" />
    <option name="applicationDetailsCustom" value="hej aktualnie jestem zajęty" />
    <option name="applicationStateCustom" value="więc nie przeszkadzać" />
    <option name="applicationIconSmall" value="APPLICATION" />
    <option name="applicationIconSmallText" value="APPLICATION_VERSION" />
    <option name="applicationTime" value="APPLICATION_TOTAL" />
    <option name="projectTime" value="APPLICATION_TOTAL" />
    <option name="fileTime" value="APPLICATION_TOTAL" />
    <option name="filePrefixEnabled" value="true" />
    <option name="fileHideVcsIgnored" value="true" />
    <option name="applicationType" value="IDE_EDITION" />
    <option name="theme" value="material" />
    <option name="applicationLastUpdateNotification" value="1.10.0" />
  </component>
</application>