<application>
  <component name="FileTypeManager" version="18">
    <extensionMap>
      <mapping pattern="index" type="AUTO_DETECTED" />
      <mapping pattern="test" type="HTML" />
      <mapping pattern="sapphire" type="PLAIN_TEXT" />
      <mapping pattern="RubinowyGenerator.hjson" type="PLAIN_TEXT" />
      <mapping pattern="awdwad" type="PLAIN_TEXT" />
      <mapping ext="hjson" type="PLAIN_TEXT" />
      <mapping ext="gradle.kts" type="Kotlin" />
      <mapping ext="main.kts" type="Kotlin" />
      <mapping pattern="PlayerTabCompleteListener" type="CLASS" />
    </extensionMap>
  </component>
</application>